-- phpMyAdmin SQL Dump
-- version 5.2.1
-- https://www.phpmyadmin.net/
--
-- Máy chủ: localhost
-- Thời gian đã tạo: Th6 02, 2024 lúc 05:21 PM
-- Phiên bản máy phục vụ: 10.4.28-MariaDB
-- Phiên bản PHP: 8.2.4

SET SQL_MODE = "NO_AUTO_VALUE_ON_ZERO";
START TRANSACTION;
SET time_zone = "+00:00";


/*!40101 SET @OLD_CHARACTER_SET_CLIENT=@@CHARACTER_SET_CLIENT */;
/*!40101 SET @OLD_CHARACTER_SET_RESULTS=@@CHARACTER_SET_RESULTS */;
/*!40101 SET @OLD_COLLATION_CONNECTION=@@COLLATION_CONNECTION */;
/*!40101 SET NAMES utf8mb4 */;

--
-- Cơ sở dữ liệu: `apricot-store`
--
CREATE DATABASE IF NOT EXISTS `apricot-store` DEFAULT CHARACTER SET utf8mb4 COLLATE utf8mb4_general_ci;
USE `apricot-store`;

DELIMITER $$
--
-- Thủ tục
--
DROP PROCEDURE IF EXISTS `getcat`$$
CREATE DEFINER=`root`@`localhost` PROCEDURE `getcat` (IN `cid` INT)   SELECT * FROM categories WHERE cat_id=cid$$

DELIMITER ;

-- --------------------------------------------------------

--
-- Cấu trúc bảng cho bảng `admin_info`
--

DROP TABLE IF EXISTS `admin_info`;
CREATE TABLE IF NOT EXISTS `admin_info` (
  `admin_id` int(10) NOT NULL AUTO_INCREMENT,
  `admin_name` varchar(100) NOT NULL,
  `admin_email` varchar(300) NOT NULL,
  `admin_password` varchar(300) NOT NULL,
  PRIMARY KEY (`admin_id`)
) ENGINE=InnoDB AUTO_INCREMENT=2 DEFAULT CHARSET=latin1 COLLATE=latin1_swedish_ci;

--
-- Đang đổ dữ liệu cho bảng `admin_info`
--

INSERT INTO `admin_info` (`admin_id`, `admin_name`, `admin_email`, `admin_password`) VALUES
(1, 'admin', 'admin@apricotstore.com', '25f9e794323b453885f5181f1b624d0b');

-- --------------------------------------------------------

--
-- Cấu trúc bảng cho bảng `brands`
--

DROP TABLE IF EXISTS `brands`;
CREATE TABLE IF NOT EXISTS `brands` (
  `brand_id` int(100) NOT NULL AUTO_INCREMENT,
  `brand_title` text NOT NULL,
  PRIMARY KEY (`brand_id`)
) ENGINE=InnoDB AUTO_INCREMENT=7 DEFAULT CHARSET=latin1 COLLATE=latin1_swedish_ci;

--
-- Đang đổ dữ liệu cho bảng `brands`
--

INSERT INTO `brands` (`brand_id`, `brand_title`) VALUES
(1, 'HP'),
(2, 'Samsung'),
(3, 'Apple'),
(4, 'motorolla'),
(5, 'LG'),
(6, 'Cloth Brand');

-- --------------------------------------------------------

--
-- Cấu trúc bảng cho bảng `cart`
--

DROP TABLE IF EXISTS `cart`;
CREATE TABLE IF NOT EXISTS `cart` (
  `id` int(10) NOT NULL AUTO_INCREMENT,
  `p_id` int(10) NOT NULL,
  `ip_add` varchar(250) NOT NULL,
  `user_id` int(10) DEFAULT NULL,
  `qty` int(10) NOT NULL,
  PRIMARY KEY (`id`)
) ENGINE=InnoDB AUTO_INCREMENT=147 DEFAULT CHARSET=latin1 COLLATE=latin1_swedish_ci;

--
-- Đang đổ dữ liệu cho bảng `cart`
--

INSERT INTO `cart` (`id`, `p_id`, `ip_add`, `user_id`, `qty`) VALUES
(6, 26, '::1', 4, 1),
(9, 10, '::1', 7, 1),
(10, 11, '::1', 7, 1),
(11, 45, '::1', 7, 1),
(44, 5, '::1', 3, 0),
(46, 2, '::1', 3, 0),
(48, 72, '::1', 3, 0),
(49, 60, '::1', 8, 1),
(50, 61, '::1', 8, 1),
(51, 1, '::1', 8, 1),
(52, 5, '::1', 9, 1),
(53, 2, '::1', 14, 1),
(54, 3, '::1', 14, 1),
(55, 5, '::1', 14, 1),
(56, 1, '::1', 9, 1),
(57, 2, '::1', 9, 1),
(71, 61, '127.0.0.1', -1, 1);

-- --------------------------------------------------------

--
-- Cấu trúc bảng cho bảng `categories`
--

DROP TABLE IF EXISTS `categories`;
CREATE TABLE IF NOT EXISTS `categories` (
  `cat_id` int(100) NOT NULL AUTO_INCREMENT,
  `cat_title` text NOT NULL,
  PRIMARY KEY (`cat_id`)
) ENGINE=InnoDB AUTO_INCREMENT=8 DEFAULT CHARSET=latin1 COLLATE=latin1_swedish_ci;

--
-- Đang đổ dữ liệu cho bảng `categories`
--

INSERT INTO `categories` (`cat_id`, `cat_title`) VALUES
(1, 'CONVERSE'),
(2, 'VANS'),
(3, 'PALLADIUM'),
(4, 'NEW BLANCE'),
(5, 'K-SWISS'),
(6, 'SNEAKER BUZZ\r\n'),
(7, 'ACCESORIES');

-- --------------------------------------------------------

--
-- Cấu trúc bảng cho bảng `email_info`
--

DROP TABLE IF EXISTS `email_info`;
CREATE TABLE IF NOT EXISTS `email_info` (
  `email_id` int(100) NOT NULL AUTO_INCREMENT,
  `email` text NOT NULL,
  PRIMARY KEY (`email_id`)
) ENGINE=InnoDB AUTO_INCREMENT=6 DEFAULT CHARSET=latin1 COLLATE=latin1_swedish_ci;

--
-- Đang đổ dữ liệu cho bảng `email_info`
--

INSERT INTO `email_info` (`email_id`, `email`) VALUES
(3, 'admin@apricotstore.com'),
(4, 'help.shohan@gmail.com'),
(5, 'info.shohan@yahoo.com');

-- --------------------------------------------------------

--
-- Cấu trúc bảng cho bảng `logs`
--

DROP TABLE IF EXISTS `logs`;
CREATE TABLE IF NOT EXISTS `logs` (
  `id` int(11) NOT NULL AUTO_INCREMENT,
  `user_id` varchar(50) NOT NULL,
  `action` varchar(50) NOT NULL,
  `date` datetime NOT NULL,
  PRIMARY KEY (`id`)
) ENGINE=InnoDB DEFAULT CHARSET=latin1 COLLATE=latin1_swedish_ci;

-- --------------------------------------------------------

--
-- Cấu trúc bảng cho bảng `orders`
--

DROP TABLE IF EXISTS `orders`;
CREATE TABLE IF NOT EXISTS `orders` (
  `order_id` int(11) NOT NULL AUTO_INCREMENT,
  `user_id` int(11) NOT NULL,
  `product_id` int(11) NOT NULL,
  `qty` int(11) NOT NULL,
  `trx_id` varchar(255) NOT NULL,
  `p_status` varchar(20) NOT NULL,
  PRIMARY KEY (`order_id`)
) ENGINE=InnoDB AUTO_INCREMENT=3 DEFAULT CHARSET=latin1 COLLATE=latin1_swedish_ci;

--
-- Đang đổ dữ liệu cho bảng `orders`
--

INSERT INTO `orders` (`order_id`, `user_id`, `product_id`, `qty`, `trx_id`, `p_status`) VALUES
(1, 12, 7, 1, '07M47684BS5725041', 'Completed'),
(2, 14, 2, 1, '07M47684BS5725041', 'Completed');

-- --------------------------------------------------------

--
-- Cấu trúc bảng cho bảng `orders_info`
--

DROP TABLE IF EXISTS `orders_info`;
CREATE TABLE IF NOT EXISTS `orders_info` (
  `order_id` int(10) NOT NULL AUTO_INCREMENT,
  `user_id` int(11) NOT NULL,
  `f_name` varchar(255) NOT NULL,
  `email` varchar(255) NOT NULL,
  `address` varchar(255) NOT NULL,
  `city` varchar(255) NOT NULL,
  `state` varchar(255) NOT NULL,
  `zip` int(10) NOT NULL,
  `cardname` varchar(255) NOT NULL,
  `cardnumber` varchar(20) NOT NULL,
  `expdate` varchar(255) NOT NULL,
  `prod_count` int(15) DEFAULT NULL,
  `total_amt` int(15) DEFAULT NULL,
  `cvv` int(5) NOT NULL,
  PRIMARY KEY (`order_id`),
  KEY `user_id` (`user_id`)
) ENGINE=InnoDB AUTO_INCREMENT=16 DEFAULT CHARSET=latin1 COLLATE=latin1_swedish_ci;

--
-- Đang đổ dữ liệu cho bảng `orders_info`
--

INSERT INTO `orders_info` (`order_id`, `user_id`, `f_name`, `email`, `address`, `city`, `state`, `zip`, `cardname`, `cardnumber`, `expdate`, `prod_count`, `total_amt`, `cvv`) VALUES
(1, 12, 'Shohan', 'help.shohan@gmail.com', 'Dhaka, Khulna, Barisal', 'Daffodil Smart City', 'Barisal', 560074, 'pokjhgfcxc', '4321 2345 6788 7654', '12/90', 3, 77000, 1234);

-- --------------------------------------------------------

--
-- Cấu trúc bảng cho bảng `order_products`
--

DROP TABLE IF EXISTS `order_products`;
CREATE TABLE IF NOT EXISTS `order_products` (
  `order_pro_id` int(10) NOT NULL AUTO_INCREMENT,
  `order_id` int(11) NOT NULL,
  `product_id` int(11) NOT NULL,
  `qty` int(15) DEFAULT NULL,
  `amt` int(15) DEFAULT NULL,
  PRIMARY KEY (`order_pro_id`),
  KEY `order_products` (`order_id`),
  KEY `product_id` (`product_id`)
) ENGINE=InnoDB AUTO_INCREMENT=91 DEFAULT CHARSET=latin1 COLLATE=latin1_swedish_ci;

--
-- Đang đổ dữ liệu cho bảng `order_products`
--

INSERT INTO `order_products` (`order_pro_id`, `order_id`, `product_id`, `qty`, `amt`) VALUES
(73, 1, 1, 1, 5000),
(74, 1, 4, 2, 64000),
(75, 1, 8, 1, 40000);

-- --------------------------------------------------------

--
-- Cấu trúc bảng cho bảng `products`
--

DROP TABLE IF EXISTS `products`;
CREATE TABLE IF NOT EXISTS `products` (
  `product_id` int(100) NOT NULL AUTO_INCREMENT,
  `product_cat` int(100) NOT NULL,
  `product_brand` int(100) NOT NULL,
  `product_title` varchar(255) NOT NULL,
  `product_price` int(100) NOT NULL,
  `product_desc` text NOT NULL,
  `product_image` text NOT NULL,
  `product_keywords` text NOT NULL,
  PRIMARY KEY (`product_id`)
) ENGINE=InnoDB AUTO_INCREMENT=82 DEFAULT CHARSET=latin1 COLLATE=latin1_swedish_ci;

--
-- Đang đổ dữ liệu cho bảng `products`
--

INSERT INTO `products` (`product_id`, `product_cat`, `product_brand`, `product_title`, `product_price`, `product_desc`, `product_image`, `product_keywords`) VALUES
(1, 1, 2, 'Samsung galaxy s7 edge', 5000, 'Samsung galaxy s7 edge', 'product07.png', 'samsung mobile electronics'),
(2, 1, 3, 'iPhone 5s', 25000, 'iphone 5s', 'http___pluspng.com_img-png_iphone-hd-png-iphone-apple-png-file-550.png', 'mobile iphone apple'),
(3, 1, 3, 'iPad air 2', 30000, 'ipad apple brand', 'da4371ffa192a115f922b1c0dff88193.png', 'apple ipad tablet'),
(4, 1, 3, 'iPhone 6s', 32000, 'Apple iPhone ', 'http___pluspng.com_img-png_iphone-6s-png-iphone-6s-gold-64gb-1000.png', 'iphone apple mobile'),
(5, 1, 2, 'iPad 2', 10000, 'samsung ipad', 'iPad-air.png', 'ipad tablet samsung'),
(6, 1, 1, 'samsung Laptop r series', 35000, 'samsung Black combination Laptop', 'laptop_PNG5939.png', 'samsung laptop '),
(7, 1, 1, 'Laptop Pavillion', 50000, 'Laptop Hp Pavillion', 'laptop_PNG5930.png', 'Laptop Hp Pavillion'),
(8, 1, 4, 'Sony', 40000, 'Sony Mobile', '530201353846AM_635_sony_xperia_z.png', 'sony mobile'),
(9, 1, 3, 'iPhone New', 12000, 'iphone', 'iphone-hd-png-iphone-apple-png-file-550.png', 'iphone apple mobile'),
(10, 2, 6, 'Red Ladies dress', 1000, 'red dress for girls', 'red dress1026.jpg', 'red dress '),
(11, 2, 6, 'Blue Heave dress', 1200, 'Blue dress', 'images1126.jpg', 'blue dress cloths'),
(12, 2, 6, 'Ladies Casual Cloths', 1500, 'ladies casual summer two colors pleted', '7475-ladies-casual-dresses-summer-two-colors-pleated1226.jpg', 'girl dress cloths casual'),
(13, 2, 6, 'SpringAutumnDress', 1200, 'girls dress', 'Spring-Autumn-Winter-Young-Ladies-Casual-Wool-Dress-Women-s-One-Piece-Dresse-Dating-Clothes-Medium.jpg_640x6401326.jpg', 'girl dress'),
(14, 2, 6, 'Casual Dress', 1400, 'girl dress', 'download1426.jpg', 'ladies cloths girl'),
(15, 2, 6, 'Formal Look', 1500, 'girl dress', 'shutterstock1526_2036118191526.jpg', 'ladies wears dress girl'),
(16, 3, 6, 'Sweter for men', 600, '2012-Winter-Sweater-for-Men-for-better-outlook', '2012-Winter-Sweater-for-Men-for-better-outlook.jpg', 'black sweter cloth winter'),
(17, 3, 6, 'Gents formal', 1000, 'gents formal look', 'gents-formal-250x250.jpg', 'gents wear cloths'),
(19, 3, 6, 'Formal Coat', 3000, 'ad', 'images (1).jpg', 'coat blazer gents'),
(20, 3, 6, 'Mens Sweeter', 1600, 'jg', 'Winter-fashion-men-burst-sweater.png', 'sweeter gents '),
(21, 3, 6, 'T shirt', 800, 'ssds', 'IN-Mens-Apparel-Voodoo-Tiles-09._V333872612_.jpg', 'formal t shirt black'),
(22, 4, 6, 'Yellow T shirt ', 1300, 'yello t shirt with pant', '1.0x0.jpg', 'kids yellow t shirt'),
(23, 4, 6, 'Girls cloths', 1900, 'sadsf', 'GirlsClothing_Widgets2346.jpg', 'formal kids wear dress'),
(24, 4, 6, 'Blue T shirt', 700, 'g', 'images.jpg', 'kids dress'),
(25, 4, 6, 'Yellow girls dress', 750, 'as', 'images2546 (3).jpg', 'yellow kids dress'),
(27, 4, 6, 'Formal look', 690, 'sd', 'image28.jpg', 'formal kids dress'),
(32, 5, 0, 'Book Shelf', 2500, 'book shelf', 'furniture-book-shelf-250x250.jpg', 'book shelf furniture'),
(33, 6, 2, 'Refrigerator', 35000, 'Refrigerator', 'CT_WM_BTS-BTC-AppliancesHome_20150723.jpg', 'refrigerator samsung'),
(34, 6, 4, 'Emergency Light', 1000, 'Emergency Light', 'emergency light.JPG', 'emergency light'),
(35, 6, 0, 'Vaccum Cleaner', 6000, 'Vaccum Cleaner', 'images3560 (2).jpg', 'Vaccum Cleaner'),
(36, 6, 5, 'Iron', 1500, 'gj', 'iron.JPG', 'iron'),
(37, 6, 5, 'LED TV', 20000, 'LED TV', 'images (4).jpg', 'led tv lg'),
(38, 6, 4, 'Microwave Oven', 3500, 'Microwave Oven', 'images.jpg', 'Microwave Oven'),
(39, 6, 5, 'Mixer Grinder', 2500, 'Mixer Grinder', 'singer-mixer-grinder-mg-46-medium_4bfa018096c25dec7ba0af40662856ef.jpg', 'Mixer Grinder'),
(40, 2, 6, 'Formal girls dress', 3000, 'Formal girls dress', 'girl-walking4026.jpg', 'ladies'),
(45, 1, 2, 'Samsung Galaxy Note 3', 10000, '0', 'samsung_galaxy_note3_note3neo.JPG', 'samsung galaxy Note 3 neo'),
(46, 1, 2, 'Samsung Galaxy Note 3', 10000, '', 'samsung_galaxy_note3_note3neo.JPG', 'samsung galxaxy note 3 neo'),
(47, 4, 6, 'Laptop', 650, 'nbk', 'product01.png', 'Dell Laptop'),
(48, 1, 7, 'Headphones', 250, 'Headphones', 'product05.png', 'Headphones Sony'),
(49, 1, 7, 'Headphones', 250, 'Headphones', 'product05.png', 'Headphones Sony'),
(50, 3, 6, 'boys shirts', 350, 'shirts', 'pm1.JPG', 'suit boys shirts'),
(51, 3, 6, 'boys shirts', 270, 'shirts', 'pm2.JPG', 'suit boys shirts'),
(52, 3, 6, 'boys shirts', 453, 'shirts', 'pm3.JPG', 'suit boys shirts'),
(53, 3, 6, 'boys shirts', 220, 'shirts', 'ms1.JPG', 'suit boys shirts'),
(54, 3, 6, 'boys shirts', 290, 'shirts', 'ms2.JPG', 'suit boys shirts'),
(55, 3, 6, 'boys shirts', 259, 'shirts', 'ms3.JPG', 'suit boys shirts'),
(56, 3, 6, 'boys shirts', 299, 'shirts', 'pm7.JPG', 'suit boys shirts'),
(57, 3, 6, 'boys shirts', 260, 'shirts', 'i3.JPG', 'suit boys shirts'),
(58, 3, 6, 'boys shirts', 350, 'shirts', 'pm9.JPG', 'suit boys shirts'),
(59, 3, 6, 'boys shirts', 855, 'shirts', 'a2.JPG', 'suit boys shirts'),
(60, 3, 6, 'boys shirts', 150, 'shirts', 'pm11.JPG', 'suit boys shirts'),
(61, 3, 6, 'boys shirts', 215, 'shirts', 'pm12.JPG', 'suit boys shirts'),
(62, 3, 6, 'boys shirts', 299, 'shirts', 'pm13.JPG', 'suit boys shirts'),
(63, 3, 6, 'boys Jeans Pant', 550, 'Pants', 'pt1.JPG', 'boys Jeans Pant'),
(64, 3, 6, 'boys Jeans Pant', 460, 'pants', 'pt2.JPG', 'boys Jeans Pant'),
(65, 3, 6, 'boys Jeans Pant', 470, 'pants', 'pt3.JPG', 'boys Jeans Pant'),
(66, 3, 6, 'boys Jeans Pant', 480, 'pants', 'pt4.JPG', 'boys Jeans Pant'),
(67, 3, 6, 'boys Jeans Pant', 360, 'pants', 'pt5.JPG', 'boys Jeans Pant'),
(68, 3, 6, 'boys Jeans Pant', 550, 'pants', 'pt6.JPG', 'boys Jeans Pant'),
(69, 3, 6, 'boys Jeans Pant', 390, 'pants', 'pt7.JPG', 'boys Jeans Pant'),
(70, 3, 6, 'boys Jeans Pant', 399, 'pants', 'pt8.JPG', 'boys Jeans Pant'),
(71, 1, 2, 'Samsung galaxy s7', 5000, 'Samsung galaxy s7', 'product07.png', 'samsung mobile electronics'),
(72, 7, 2, 'sony Headphones', 3500, 'sony Headphones', 'product02.png', 'sony Headphones electronics gadgets'),
(73, 7, 2, 'samsung Headphones', 3500, 'samsung Headphones', 'product05.png', 'samsung Headphones electronics gadgets'),
(74, 1, 1, 'HP i5 laptop', 5500, 'HP i5 laptop', 'product01.png', 'HP i5 laptop electronics'),
(75, 1, 1, 'HP i7 laptop 8gb ram', 5500, 'HP i7 laptop 8gb ram', 'product03.png', 'HP i7 laptop 8gb ram electronics'),
(76, 1, 5, 'sony note 6gb ram', 4500, 'sony note 6gb ram', 'product04.png', 'sony note 6gb ram mobile electronics'),
(77, 1, 4, 'MSV laptop 16gb ram NVIDEA Graphics', 5499, 'MSV laptop 16gb ram', 'product06.png', 'MSV laptop 16gb ram NVIDEA Graphics electronics'),
(78, 1, 5, 'dell laptop 8gb ram intel integerated Graphics', 4579, 'dell laptop 8gb ram intel integerated Graphics', 'product08.png', 'dell laptop 8gb ram intel integerated Graphics electronics'),
(79, 7, 2, 'camera with 3D pixels', 2569, 'camera with 3D pixels', 'product09.png', 'camera with 3D pixels camera electronics gadgets'),
(80, 1, 1, 'ytrfdkjsd', 12343, 'sdfhgh', '1542455446_thythtf .jpeg', 'dfgh'),
(81, 4, 6, 'Kids blue dress', 300, 'blue dress', '1543993724_pg4.jpg', 'kids blue dress');

-- --------------------------------------------------------

--
-- Cấu trúc bảng cho bảng `user_info`
--

DROP TABLE IF EXISTS `user_info`;
CREATE TABLE IF NOT EXISTS `user_info` (
  `user_id` int(10) NOT NULL AUTO_INCREMENT,
  `first_name` varchar(100) NOT NULL,
  `last_name` varchar(100) NOT NULL,
  `email` varchar(300) NOT NULL,
  `password` varchar(300) NOT NULL,
  `mobile` varchar(10) NOT NULL,
  `address1` varchar(300) NOT NULL,
  `address2` varchar(11) NOT NULL,
  PRIMARY KEY (`user_id`)
) ENGINE=InnoDB AUTO_INCREMENT=27 DEFAULT CHARSET=latin1 COLLATE=latin1_swedish_ci;

--
-- Đang đổ dữ liệu cho bảng `user_info`
--

INSERT INTO `user_info` (`user_id`, `first_name`, `last_name`, `email`, `password`, `mobile`, `address1`, `address2`) VALUES
(12, 'Shohanur', 'Rahman', 'shohan@apricotstore.com', 'shohan', '9448121558', 'DSC', 'Dhaka'),
(15, 'Mehedi', 'Hasan', 'mehedi@apricotstore.com', 'mehedi', '536487276', ',DSC', 'Dhaka'),
(16, 'Asif', 'Rahman', 'asif@apricotstore.com', 'asif', '9877654334', 'DSC', 'Dhaka'),
(19, 'Niloy', 'Hasan', 'niloy@apricotstore.com', 'niloy', '9871236534', 'DSC', 'Dhaka'),
(21, 'Jony', 'Hasan', 'jony@apricotstore.com', 'jony', '202-555-01', 'DSC', 'Dhaka'),
(22, 'Maruf', 'Mia', 'maruf@apricotstore.com', 'maruf', '9877654334', 'DSC', 'Dhaka'),
(23, 'tausif', 'Mia', 'tausif@apricotstore.com', 'tausif', '9876543234', 'DSC', 'Dhaka'),
(24, 'limon', 'Sheikh', 'limon@apricotstore.com', 'limon', '9535688928', 'DSC', 'Dhaka'),
(25, 'rafin', 'Molla', 'rafin@apricotstore.com', 'rafin', '9535688928', 'DSC', 'Dhaka'),
(26, 'Tran', 'Duc', 'ductran@gmail.com', 'Abc123', '014394332', 'Lao Cai', 'Lao Cai');

--
-- Bẫy `user_info`
--
DROP TRIGGER IF EXISTS `after_user_info_insert`;
DELIMITER $$
CREATE TRIGGER `after_user_info_insert` AFTER INSERT ON `user_info` FOR EACH ROW BEGIN 
  INSERT INTO user_info_backup VALUES(new.user_id,new.first_name,new.last_name,new.email,new.password,new.mobile,new.address1,new.address2);
  END
$$
DELIMITER ;

-- --------------------------------------------------------

--
-- Cấu trúc bảng cho bảng `user_info_backup`
--

DROP TABLE IF EXISTS `user_info_backup`;
CREATE TABLE IF NOT EXISTS `user_info_backup` (
  `user_id` int(10) NOT NULL AUTO_INCREMENT,
  `first_name` varchar(100) NOT NULL,
  `last_name` varchar(100) NOT NULL,
  `email` varchar(300) NOT NULL,
  `password` varchar(300) NOT NULL,
  `mobile` varchar(10) NOT NULL,
  `address1` varchar(300) NOT NULL,
  `address2` varchar(11) NOT NULL,
  PRIMARY KEY (`user_id`)
) ENGINE=InnoDB AUTO_INCREMENT=27 DEFAULT CHARSET=latin1 COLLATE=latin1_swedish_ci;

--
-- Đang đổ dữ liệu cho bảng `user_info_backup`
--

INSERT INTO `user_info_backup` (`user_id`, `first_name`, `last_name`, `email`, `password`, `mobile`, `address1`, `address2`) VALUES
(12, 'Shohanur', 'Rahman', 'shohan@apricotstore.com', 'shohan', '9448121558', 'DSC', 'Dhaka'),
(15, 'Mehedi', 'Hasan', 'mehedi@apricotstore.com', 'mehedi', '536487276', ',DSC', 'Dhaka'),
(16, 'Asif', 'Rahman', 'asif@apricotstore.com', 'asif', '9877654334', 'DSC', 'Dhaka'),
(19, 'Niloy', 'Hasan', 'niloy@apricotstore.com', 'niloy', '9871236534', 'DSC', 'Dhaka'),
(21, 'Jony', 'Hasan', 'jony@apricotstore.com', 'jony', '202-555-01', 'DSC', 'Dhaka'),
(22, 'Maruf', 'Mia', 'maruf@apricotstore.com', 'maruf', '9877654334', 'DSC', 'Dhaka'),
(23, 'tausif', 'Mia', 'tausif@apricotstore.com', 'tausif', '9876543234', 'DSC', 'Dhaka'),
(24, 'limon', 'Sheikh', 'limon@apricotstore.com', 'limon', '9535688928', 'DSC', 'Dhaka'),
(25, 'rafin', 'Molla', 'rafin@apricotstore.com', 'rafin', '9535688928', 'DSC', 'Dhaka'),
(26, 'Tran', 'Duc', 'ductran@gmail.com', 'Abc123', '014394332', 'Lao Cai', 'Lao Cai');

--
-- Các ràng buộc cho các bảng đã đổ
--

--
-- Các ràng buộc cho bảng `orders_info`
--
ALTER TABLE `orders_info`
  ADD CONSTRAINT `user_id` FOREIGN KEY (`user_id`) REFERENCES `user_info` (`user_id`);

--
-- Các ràng buộc cho bảng `order_products`
--
ALTER TABLE `order_products`
  ADD CONSTRAINT `order_products` FOREIGN KEY (`order_id`) REFERENCES `orders_info` (`order_id`) ON DELETE NO ACTION ON UPDATE CASCADE,
  ADD CONSTRAINT `product_id` FOREIGN KEY (`product_id`) REFERENCES `products` (`product_id`);


--
-- Siêu dữ liệu
--
USE `phpmyadmin`;

--
-- Siêu dữ liệu cho bảng admin_info
--

--
-- Siêu dữ liệu cho bảng brands
--

--
-- Siêu dữ liệu cho bảng cart
--

--
-- Siêu dữ liệu cho bảng categories
--

--
-- Siêu dữ liệu cho bảng email_info
--

--
-- Siêu dữ liệu cho bảng logs
--

--
-- Siêu dữ liệu cho bảng orders
--

--
-- Siêu dữ liệu cho bảng orders_info
--

--
-- Siêu dữ liệu cho bảng order_products
--

--
-- Siêu dữ liệu cho bảng products
--

--
-- Siêu dữ liệu cho bảng user_info
--

--
-- Siêu dữ liệu cho bảng user_info_backup
--

--
-- Siêu dữ liệu cho cơ sở dữ liệu apricot-store
--
COMMIT;

/*!40101 SET CHARACTER_SET_CLIENT=@OLD_CHARACTER_SET_CLIENT */;
/*!40101 SET CHARACTER_SET_RESULTS=@OLD_CHARACTER_SET_RESULTS */;
/*!40101 SET COLLATION_CONNECTION=@OLD_COLLATION_CONNECTION */;
